int(self),pig_1(0).sex,pig_1(0).ID,pig_1(0).age,pig_1(0).daily_feed_intake,pig_1(0).weight,pig_1(0).cumulative_feed_intake
0,Female,1,143,3.538653409046766,109,368.75013871983816
1,Female,1,143,2.3439784773872403,109,366.2835760852593
