int(self),pig_3(0).sex,pig_3(0).ID,pig_3(0).age,pig_3(0).daily_feed_intake,pig_3(0).weight,pig_3(0).cumulative_feed_intake
0,Male,3,143,3.3033695513771875,105,350.74827701126117
1,Male,3,143,1.9915666829590566,102,340.52138244045784
