int(self),pig_13(0).sex,pig_13(0).ID,pig_13(0).age,pig_13(0).daily_feed_intake,pig_13(0).weight,pig_13(0).cumulative_feed_intake
0,Male,13,143,1.5726624797807478,104,342.97834866858614
1,Male,13,143,2.0037417816021086,113,379.5802704860197
