int(self),pig_19(0).sex,pig_19(0).ID,pig_19(0).age,pig_19(0).daily_feed_intake,pig_19(0).weight,pig_19(0).cumulative_feed_intake
0,Male,19,143,2.0123136731135043,105,351.3230357441427
1,Male,19,143,3.1364744147168446,106,352.573110463253
