int(self),pig_16(0).sex,pig_16(0).ID,pig_16(0).age,pig_16(0).daily_feed_intake,pig_16(0).weight,pig_16(0).cumulative_feed_intake
0,Female,16,143,2.0676671935754225,107,356.6955783967468
1,Female,16,143,1.6021031925229479,108,358.8302819787376
