int(self),pig_17(0).sex,pig_17(0).ID,pig_17(0).age,pig_17(0).daily_feed_intake,pig_17(0).weight,pig_17(0).cumulative_feed_intake
0,Female,17,143,1.6895039242196677,103,340.487796212462
1,Female,17,143,1.3646113077804665,107,357.61659825724695
