int(self),pig_9(0).sex,pig_9(0).ID,pig_9(0).age,pig_9(0).daily_feed_intake,pig_9(0).weight,pig_9(0).cumulative_feed_intake
0,Male,9,143,1.011782702842206,105,347.11505036547305
1,Male,9,143,1.27134252453939,109,366.27307658955294
