int(self),pig_8(0).sex,pig_8(0).ID,pig_8(0).age,pig_8(0).daily_feed_intake,pig_8(0).weight,pig_8(0).cumulative_feed_intake
0,Male,8,143,1.5832003190902677,108,362.18683671719504
1,Male,8,143,1.0835308120449962,105,348.0677761455438
