int(self),pig_14(0).sex,pig_14(0).ID,pig_14(0).age,pig_14(0).daily_feed_intake,pig_14(0).weight,pig_14(0).cumulative_feed_intake
0,Male,14,143,3.7776085604258047,109,363.65369937655583
1,Male,14,143,1.741302269448787,106,354.0988684438102
