int(self),pig_10(0).sex,pig_10(0).ID,pig_10(0).age,pig_10(0).daily_feed_intake,pig_10(0).weight,pig_10(0).cumulative_feed_intake
0,Male,10,143,3.2557792498082216,108,362.7053851112127
1,Male,10,143,1.3119013691281562,107,356.28988380961323
