int(self),pig_18(0).sex,pig_18(0).ID,pig_18(0).age,pig_18(0).daily_feed_intake,pig_18(0).weight,pig_18(0).cumulative_feed_intake
0,Male,8,143,1.0204883326617464,108,360.6426841897869
1,Male,8,143,2.046726599444333,109,362.6891096285086
