int(self),pig_6(0).sex,pig_6(0).ID,pig_6(0).age,pig_6(0).daily_feed_intake,pig_6(0).weight,pig_6(0).cumulative_feed_intake
0,Female,6,143,1.828596778435919,111,370.29393527616196
1,Female,6,143,2.109661505697817,109,367.74658599473923
