int(self),pig_0(0).sex,pig_0(0).ID,pig_0(0).age,pig_0(0).daily_feed_intake,pig_0(0).weight,pig_0(0).cumulative_feed_intake
0,Male,0,143,3.3246905369622284,102,340.5988727491051
1,Male,0,143,1.4226761860033907,108,359.2491942792888
