int(self),pig_15(0).sex,pig_15(0).ID,pig_15(0).age,pig_15(0).daily_feed_intake,pig_15(0).weight,pig_15(0).cumulative_feed_intake
0,Male,15,143,3.166297595943664,107,358.7511330726635
1,Male,15,143,2.177077334807808,107,358.3959437047344
