int(self),pig_7(0).sex,pig_7(0).ID,pig_7(0).age,pig_7(0).daily_feed_intake,pig_7(0).weight,pig_7(0).cumulative_feed_intake
0,Female,7,143,1.0368694589154945,105,346.5803358897517
1,Female,7,143,1.0582520075906294,106,348.1578472115285
