int(self),pig_4(0).sex,pig_4(0).ID,pig_4(0).age,pig_4(0).daily_feed_intake,pig_4(0).weight,pig_4(0).cumulative_feed_intake
0,Male,4,143,1.742912672429802,109,363.64499871701673
1,Male,4,143,1.8527078993427817,107,360.2015914304971
