int(self),pig_11(0).sex,pig_11(0).ID,pig_11(0).age,pig_11(0).daily_feed_intake,pig_11(0).weight,pig_11(0).cumulative_feed_intake
0,Female,11,143,2.4011875884644738,105,349.92232830817284
1,Female,11,143,3.3673393447449715,106,356.12098209555245
