int(self),pig_2(0).sex,pig_2(0).ID,pig_2(0).age,pig_2(0).daily_feed_intake,pig_2(0).weight,pig_2(0).cumulative_feed_intake
0,Female,2,143,1.496597713197589,104,343.5758247198782
1,Female,2,143,2.4321965560287815,109,365.80217740720735
