int(self),pig_12(0).sex,pig_12(0).ID,pig_12(0).age,pig_12(0).daily_feed_intake,pig_12(0).weight,pig_12(0).cumulative_feed_intake
0,Female,12,143,3.5236693023729284,107,355.81288055964643
1,Female,12,143,1.9383392101128665,110,366.7098154302387
