int(self),pig_5(0).sex,pig_5(0).ID,pig_5(0).age,pig_5(0).daily_feed_intake,pig_5(0).weight,pig_5(0).cumulative_feed_intake
0,Male,5,143,1.7819169273671789,106,352.72531487551834
1,Male,5,143,3.241417946626557,106,355.38002906473093
